{"cameraMode":{"drawMode":0,"name":"Shaded","section":"Shading Mode"},"sceneLighting":true,"audioPlay":false,"sceneViewState":{"showFog":true,"showMaterialUpdate":false,"showSkybox":true,"showFlares":true,"showImageEffects":true,"showParticleSystems":true},"in2DMode":false,"pivot":{"x":2.266615629196167,"y":5.4262237548828129,"z":0.6725605726242065},"rotation":{"x":-0.6044872403144836,"y":0.004774174652993679,"z":-0.0037017392460256817,"w":-0.7966349124908447},"size":27.58365821838379,"orthographic":false}